City_ID,City,Lat,Lng,Max Temp,Humidity,Cloudiness,Wind Speed,Country,Date
0,phetchabun,16.25,101.0833,21.15,77,100,2.8,TH,1700182235
1,mount gambier,-37.8333,140.7667,16.2,51,73,3.11,AU,1700182235
2,st. john's,47.5649,-52.7093,0.54,80,100,2.57,CA,1700182192
3,blackmans bay,-43.0167,147.3167,18.62,51,6,0.72,AU,1700182236
4,papatowai,-46.5619,169.4708,8.17,90,100,4.57,NZ,1700182236
5,puerto ayora,-0.7393,-90.3518,23.08,98,99,2.24,EC,1700182236
6,ilulissat,69.2167,-51.1,-9.99,79,0,1.54,GL,1700182237
7,adamstown,-25.066,-130.1015,20.95,85,100,3.63,PN,1700182237
8,edinburgh of the seven seas,-37.0676,-12.3116,13.96,73,100,8.14,SH,1700182237
9,bethel,41.3712,-73.414,12.02,65,0,0.45,US,1700182221
10,aasiaat,68.7098,-52.8699,-13.43,99,93,2.52,GL,1700182238
11,margate,51.3813,1.3862,7.61,90,100,2.24,GB,1700182238
12,tomatlan,19.9333,-105.25,25.31,87,4,0.87,MX,1700182238
13,dunedin,-45.8742,170.5036,8.78,81,100,5.81,NZ,1700182238
14,katsuura,35.1333,140.3,15.01,81,100,9.44,JP,1700182239
15,puerto baquerizo moreno,-0.9,-89.6,23.12,91,99,5.16,EC,1700182239
16,pandan,14.0453,124.1694,27.2,84,100,8.34,PH,1700182239
17,vilyuchinsk,52.9306,158.4028,-3.85,80,100,3.93,RU,1700182240
18,tofol,5.3248,163.0078,28.88,79,75,1.54,FM,1700182240
19,waitangi,-43.9535,-176.5597,13.58,97,100,9.72,NZ,1700182240
20,celestun,20.8667,-90.4,24.67,77,2,5.27,MX,1700182241
21,planadas,3.197,-75.6451,25.24,88,100,2.81,CO,1700182241
22,badger,64.8,-147.5333,-4.8,89,75,0.0,US,1700182241
23,olonkinbyen,70.9221,-8.7187,-2.56,78,100,2.85,SJ,1700182241
24,yellowknife,62.456,-114.3525,-5.33,97,100,7.2,CA,1700181989
25,hawaiian paradise park,19.5933,-154.9731,24.39,89,100,4.12,US,1700181991
26,grytviken,-54.2811,-36.5092,0.65,89,100,5.15,GS,1700182242
27,usogorsk,63.4106,48.6872,-10.55,96,95,3.32,RU,1700182242
28,veraval,20.9,70.3667,23.86,49,5,4.89,IN,1700182242
29,vernon,50.2581,-119.2691,2.64,79,15,1.54,CA,1700182243
30,hastings,50.8552,0.5729,7.66,54,30,4.37,GB,1700182243
31,imzouren,35.1463,-3.8497,13.6,72,0,0.51,MA,1700182243
32,watsa,3.0372,29.5355,18.34,99,94,1.41,CD,1700182243
33,puerto natales,-51.7236,-72.4875,2.98,95,36,2.23,CL,1700182244
34,bilibino,68.0546,166.4372,-21.12,100,100,0.12,RU,1700182244
35,coari,-4.085,-63.1414,30.65,42,82,0.6,BR,1700182244
36,port-aux-francais,-49.35,70.2167,4.28,94,100,11.12,TF,1700182244
37,stanley,54.868,-1.6985,4.87,94,100,3.16,GB,1700182163
38,port lincoln,-34.7333,135.8667,16.71,63,13,6.75,AU,1700182245
39,codrington,-38.2667,141.9667,16.07,53,93,5.44,AU,1700182245
40,vel'sk,61.0701,42.0983,-8.18,91,15,2.68,RU,1700182245
41,whitehorse,60.7161,-135.0538,2.43,51,20,6.17,CA,1700182246
42,richards bay,-28.783,32.0377,20.85,83,100,5.18,ZA,1700182246
43,owensboro,37.7742,-87.1133,20.03,63,100,2.57,US,1700182246
44,i-n-salah,27.1935,2.4607,20.8,32,12,6.27,DZ,1700182247
45,adel,31.1371,-83.4235,18.2,96,100,0.45,US,1700182247
46,ancud,-41.8697,-73.8203,10.35,92,98,9.59,CL,1700182247
47,tiksi,71.6872,128.8694,-23.28,99,100,3.59,RU,1700182247
48,bredasdorp,-34.5322,20.0403,16.43,85,100,1.35,ZA,1700182248
49,harper,4.375,-7.7169,25.82,85,40,1.96,LR,1700182248
50,takoradi,4.8845,-1.7554,26.34,83,72,3.0,GH,1700182248
51,korla,41.7597,86.1469,0.33,50,0,2.0,CN,1700182248
52,magadan,59.5667,150.8,-12.41,69,5,1.39,RU,1700182249
53,yuzhno-kurilsk,44.0306,145.8556,9.65,73,99,11.93,RU,1700182249
54,inarajan village,13.2736,144.7484,31.54,83,98,7.29,GU,1700182249
55,constantia,44.1833,28.65,6.5,60,100,1.12,RO,1700182249
56,thompson,55.7435,-97.8558,-6.91,79,100,4.12,CA,1700182249
57,shalqar,47.8333,59.6,6.77,73,100,4.19,KZ,1700182250
58,lihue,21.9789,-159.3672,29.58,61,40,6.17,US,1700181950
59,albany,42.6001,-73.9662,8.74,74,100,0.45,US,1700182250
60,invercargill,-46.4,168.35,9.45,87,100,3.13,NZ,1700181977
61,auki,-8.7676,160.7034,27.97,79,36,1.1,SB,1700182250
62,vanimo,-2.6741,141.3028,29.41,71,48,3.08,PG,1700182251
63,port alfred,-33.5906,26.891,18.99,93,92,2.96,ZA,1700182251
64,aleksin,54.51,37.08,0.77,88,100,4.09,RU,1700182251
65,hirara,24.8,125.2833,19.92,59,75,9.77,JP,1700182251
66,anadyr,64.75,177.4833,-17.72,64,0,4.0,RU,1700182252
67,nova vicosa,-17.8919,-39.3719,24.95,86,5,6.74,BR,1700182252
68,fort bragg,35.139,-79.006,16.75,78,0,0.0,US,1700182252
69,beipiao,41.7919,120.7792,-4.11,54,91,8.91,CN,1700182252
70,kuchaiburi,22.2667,86.1667,18.5,82,61,1.44,IN,1700182253
71,kurayoshi,35.4333,133.8167,12.95,74,58,6.41,JP,1700182253
72,puerto aysen,-45.4,-72.7,6.5,100,100,2.52,CL,1700182098
73,uturoa,-16.7333,-151.4333,26.0,74,99,10.68,PF,1700182253
74,gangolli,13.65,74.6667,24.63,75,60,1.81,IN,1700182253
75,west island,-12.1568,96.8225,26.99,69,13,4.12,CC,1700182254
76,chonchi,-42.6128,-73.8092,9.56,97,100,4.94,CL,1700182098
77,isafjordur,66.0755,-23.124,1.72,74,100,1.3,IS,1700182254
78,port-gentil,-0.7193,8.7815,26.83,82,88,4.46,GA,1700182254
79,kavieng,-2.5744,150.7967,28.79,72,11,1.67,PG,1700182255
80,port mathurin,-19.6833,63.4167,25.08,79,100,7.09,MU,1700182255
81,wagga wagga,-35.1167,147.3667,23.67,25,0,0.65,AU,1700182255
82,ushuaia,-54.8,-68.3,7.81,66,100,1.54,AR,1700182102
83,copperas cove,31.1241,-97.9031,15.51,86,0,3.6,US,1700182255
84,ust-nera,64.5667,143.2,-25.12,96,100,3.25,RU,1700182256
85,bredy,52.4153,60.3411,3.13,97,100,3.12,RU,1700182256
86,holualoa,19.6228,-155.9522,25.91,79,40,5.14,US,1700182247
87,general pico,-35.6566,-63.7568,17.17,29,0,4.23,AR,1700182256
88,natal,-5.795,-35.2094,27.12,74,40,4.12,BR,1700182256
89,fabens,31.5023,-106.1586,22.93,46,100,2.82,US,1700182257
90,hawera,-39.5917,174.2833,17.35,95,100,6.96,NZ,1700182257
91,voss,60.623,6.4229,-7.19,89,39,1.93,NO,1700182257
92,al jawf,29.5,38.75,16.92,62,0,3.53,SA,1700182257
93,nemuro,43.3236,145.575,10.23,76,99,11.45,JP,1700182258
94,la mira,18.035,-102.3266,27.09,84,18,1.66,MX,1700182258
95,matthew town,20.95,-73.6667,27.53,73,100,4.07,BS,1700182097
96,paulden,34.8856,-112.4682,16.73,55,100,1.34,US,1700182258
97,tamiahua,21.2667,-97.45,21.11,80,4,2.2,MX,1700182258
98,omoku,5.3435,6.6532,27.09,88,31,1.04,NG,1700182259
99,fortuna,40.5982,-124.1573,18.19,88,0,0.0,US,1700182203
100,revda,56.801,59.9303,-1.15,94,89,2.4,RU,1700182259
101,iskateley,67.6803,53.1512,-13.32,97,84,2.24,RU,1700182259
102,port elizabeth,-33.918,25.5701,19.16,94,20,2.57,ZA,1700182260
103,tolanaro,-25.0319,46.9987,21.04,83,40,6.17,MG,1700182260
104,saipan,15.1355,145.701,30.39,79,40,7.72,MP,1700182260
105,cockburn town,21.4612,-71.1419,27.98,69,40,3.6,TC,1700182260
106,polyarnyy,69.1989,33.4478,-7.55,82,100,8.38,RU,1700182261
107,lebu,-37.6167,-73.65,11.87,97,100,8.33,CL,1700182261
108,kapit,2.0167,112.9333,25.58,96,100,0.38,MY,1700182261
109,solleftea,63.1667,17.2667,-17.08,100,99,0.82,SE,1700182261
110,fisterra,42.9049,-9.2629,11.68,76,73,1.62,ES,1700182262
111,hithadhoo,-0.6,73.0833,27.32,81,24,6.28,MV,1700182262
112,hasaki,35.7333,140.8333,14.05,75,100,10.61,JP,1700182262
113,ulsteinvik,62.3432,5.8487,3.75,75,89,2.68,NO,1700182262
114,punta arenas,-53.15,-70.9167,7.06,87,75,3.09,CL,1700182177
115,hamilton,39.1834,-84.5333,16.43,70,0,2.06,US,1700181970
116,kone,-21.0595,164.8658,29.99,48,16,1.03,NC,1700182263
117,las rosas,-32.4766,-61.5804,20.48,46,0,3.28,AR,1700182263
118,iqaluit,63.7506,-68.5145,-1.15,86,75,12.35,CA,1700182264
119,afaahiti,-17.75,-149.2833,27.93,81,100,10.6,PF,1700182264
120,happy valley-goose bay,53.3168,-60.3315,-4.83,93,20,1.54,CA,1700182264
121,naze,28.3667,129.4833,18.51,62,100,8.45,JP,1700182265
122,college,64.8569,-147.8028,-4.75,85,75,0.0,US,1700182265
123,hermanus,-34.4187,19.2345,17.64,84,100,1.67,ZA,1700182265
124,akureyri,65.6835,-18.0878,-7.04,93,82,0.0,IS,1700182265
125,wailua homesteads,22.0669,-159.378,29.24,62,40,6.17,US,1700182266
126,puerto madero,14.7208,-92.4215,27.88,76,4,1.1,MX,1700182266
127,atafu village,-8.5421,-172.5159,29.62,73,14,3.29,TK,1700182266
128,paramonga,-10.6667,-77.8333,19.42,89,91,4.46,PE,1700182266
129,margaret river,-33.95,115.0667,19.53,46,0,3.32,AU,1700182267
130,sedan,49.6667,5.0,5.93,97,100,3.06,FR,1700182267
131,komsomolets,53.7453,62.0708,3.65,97,100,4.04,KZ,1700182267
132,cumanayagua,22.1494,-80.2022,25.86,89,100,1.34,CU,1700182268
133,sao vicente,-23.9631,-46.3919,30.1,95,100,1.09,BR,1700182268
134,kazerun,29.6195,51.6541,16.11,68,99,0.55,IR,1700182269
135,acarau,-2.8856,-40.12,26.68,80,73,7.33,BR,1700182269
136,donghai,22.9459,115.642,15.37,48,5,4.95,CN,1700182270
137,hadibu,12.65,54.0333,26.65,86,23,3.79,YE,1700182270
138,carnarvon,-24.8667,113.6333,26.18,60,0,3.77,AU,1700182270
139,horta,38.5333,-28.6333,20.01,90,100,11.62,PT,1700182270
140,cabo san lucas,22.8909,-109.9124,28.67,71,96,2.11,MX,1700182271
141,tevriz,57.509,72.4042,-0.04,93,94,3.45,RU,1700182271
142,kasongo-lunda,-6.4667,16.8167,20.59,96,100,0.74,CD,1700182272
143,talnakh,69.4865,88.3972,-21.18,98,85,2.56,RU,1700182272
144,punaauia,-17.6333,-149.6,28.8,58,40,3.09,PF,1700182272
145,tura,25.5198,90.2201,18.97,93,100,2.01,IN,1700182273
146,bardai,11.65,7.2333,21.55,56,86,4.19,NG,1700182273
147,cananeia,-25.0147,-47.9267,22.84,95,64,2.79,BR,1700182273
148,nouadhibou,20.931,-17.0347,22.99,56,0,6.17,MR,1700182170
149,sinjai,-5.1241,120.253,30.76,62,95,1.48,ID,1700182274
150,timana,1.9714,-75.9312,18.86,95,99,1.11,CO,1700182274
151,arraial do cabo,-22.9661,-42.0278,24.07,86,100,8.33,BR,1700182274
152,enewetak,11.3474,162.3373,28.3,83,7,10.26,MH,1700182275
153,kodiak,57.79,-152.4072,1.73,48,75,8.75,US,1700182031
154,trancas,-26.2314,-65.2803,20.63,86,100,1.85,AR,1700182275
155,tlacotepec,20.0667,-97.8667,15.16,90,84,0.24,MX,1700182275
156,ribeira grande,38.5167,-28.7,20.43,90,100,11.62,PT,1700182275
157,nadi,-17.8,177.4167,29.0,65,20,5.66,FJ,1700182089
158,meulaboh,4.1363,96.1285,25.29,91,100,1.13,ID,1700182276
159,shenjiamen,29.9576,122.298,12.54,50,1,10.72,CN,1700182276
160,udachny,66.4167,112.4,-10.86,92,100,3.65,RU,1700182276
161,kapa'a,22.0752,-159.319,29.99,62,40,6.17,US,1700182277
162,san antonio de pale,-1.4014,5.6325,26.71,83,77,5.42,GQ,1700182277
163,muroran,42.3172,140.9881,12.46,90,100,13.78,JP,1700182277
164,callao,-12.0667,-77.15,23.18,77,100,5.66,PE,1700182277
165,phrai bueng,14.7483,104.3626,22.28,77,9,8.1,TH,1700182278
166,dalbandin,28.8947,64.4101,18.89,34,98,1.8,PK,1700182278
167,port-vila,-17.7338,168.3219,28.78,65,75,2.57,VU,1700182278
168,avarua,-21.2078,-159.775,24.03,69,100,5.66,CK,1700182279
169,dana point,33.467,-117.6981,21.0,84,0,3.13,US,1700182098
170,fort st. john,56.2499,-120.8529,2.94,65,75,10.8,CA,1700182279
171,nantucket,41.2835,-70.0995,10.08,97,0,2.57,US,1700182062
172,ola,59.5833,151.2833,-13.56,71,14,1.73,RU,1700182280
173,qaqortoq,60.7167,-46.0333,-7.45,74,19,3.42,GL,1700182280
174,tamandare,-8.7597,-35.1047,25.42,80,63,4.73,BR,1700182280
175,bhachau,23.2833,70.35,21.76,42,1,4.14,IN,1700182280
176,praia da vitoria,38.7333,-27.0667,21.53,88,75,12.72,PT,1700182281
177,chashniki,54.8569,29.1607,-3.2,84,26,2.37,BY,1700182281
178,zhengjiatun,43.5064,123.5064,-6.27,84,95,3.49,CN,1700182281
179,thisted,56.9552,8.6949,2.33,89,100,6.08,DK,1700182281
180,hobyo,5.3505,48.5268,27.62,78,11,2.99,SO,1700182282
181,vila franca do campo,37.7167,-25.4333,21.6,99,100,9.13,PT,1700182282
182,road town,18.4167,-64.6167,28.05,74,40,5.66,VG,1700182282
183,kruisfontein,-34.0033,24.7314,15.59,89,17,2.1,ZA,1700182283
184,plettenberg bay,-34.0527,23.3716,18.13,65,100,2.88,ZA,1700182283
185,makhambet,47.6667,51.5833,7.59,79,100,3.45,KZ,1700182284
186,karratha,-20.7377,116.8463,28.19,42,0,5.51,AU,1700182284
187,mejit,10.2753,170.8646,28.2,79,7,7.64,MH,1700182284
188,sinazongwe,-17.2614,27.4618,24.01,53,45,1.88,ZM,1700182284
189,dudinka,69.4058,86.1778,-22.33,99,83,4.78,RU,1700182285
190,jamestown,42.097,-79.2353,13.17,46,0,4.12,US,1700182197
191,utrik,11.2278,169.8474,28.2,78,15,7.43,MH,1700182285
192,bodo,67.28,14.405,-0.68,87,100,1.54,NO,1700182286
193,east ballina,-28.8667,153.5833,26.0,77,93,7.57,AU,1700182286
194,ilha de mocambique,-15.0342,40.7358,24.72,74,8,4.93,MZ,1700182286
195,diu,20.7141,70.9822,22.85,53,5,4.86,IN,1700182287
196,tobruk,32.0836,23.9764,20.68,79,2,3.93,LY,1700182287
197,balabac,7.9868,117.0645,28.17,77,100,3.24,PH,1700182287
198,tazovsky,67.4667,78.7,-20.32,97,12,3.85,RU,1700182287
199,ambon,-3.6954,128.1814,31.08,70,20,2.06,ID,1700182288
200,severo-yeniseyskiy,60.3725,93.0408,-2.46,94,100,4.47,RU,1700182288
201,kapuskasing,49.4169,-82.4331,11.05,62,100,9.26,CA,1700182288
202,palmer,42.1584,-72.3287,10.67,78,40,0.0,US,1700182050
203,lospalos,-8.5186,127.0025,31.2,39,12,1.64,TL,1700182289
204,lompoc,34.6391,-120.4579,20.94,70,20,6.17,US,1700182255
205,klyuchi,52.2667,79.1667,5.4,76,100,0.82,RU,1700182289
206,ixtapa,20.7,-105.2,24.75,93,19,0.69,MX,1700182290
207,el jadid,33.2549,-8.506,18.9,87,4,5.31,MA,1700182290
208,malango,-2.9627,119.9001,26.71,69,77,0.7,ID,1700182290
209,show low,34.2542,-110.0298,13.16,69,0,3.6,US,1700182290
210,nyurba,63.2842,118.3319,-3.88,94,100,4.69,RU,1700182291
211,daru,-9.0763,143.2092,29.3,61,9,4.35,PG,1700182291
212,vila velha,-20.3297,-40.2925,25.97,85,0,6.26,BR,1700182041
213,papao,-17.75,-149.55,28.82,80,95,11.17,PF,1700182292
214,san jose del cabo,23.0589,-109.6977,28.66,64,99,1.93,MX,1700182200
215,maqat,47.65,53.3167,8.04,70,100,3.68,KZ,1700182292
216,woolgoolga,-30.1106,153.2007,18.93,86,100,11.69,AU,1700182292
217,petropavlovsk-kamchatsky,53.0452,158.6483,-4.67,68,20,2.0,RU,1700182293
218,chania,35.5122,24.0156,17.78,88,75,0.0,GR,1700182293
219,nebraska city,40.6767,-95.8592,15.89,67,75,2.06,US,1700182293
220,sciacca,37.5082,13.0881,17.24,80,12,3.68,IT,1700182294
221,sitka,57.0531,-135.33,7.94,87,100,2.06,US,1700182294
222,new norfolk,-42.7826,147.0587,19.28,49,21,4.09,AU,1700182294
223,puerto asis,0.5133,-76.5007,24.2,90,54,0.64,CO,1700182294
224,colonia,50.9333,6.95,7.55,87,0,2.57,DE,1700182295
225,laishevo,55.4046,49.5504,0.27,95,95,3.73,RU,1700182295
226,nuuk,64.1835,-51.7216,-1.66,80,75,1.03,GL,1700182200
227,steinkjer,64.193,11.3851,-12.48,73,45,1.51,NO,1700182295
228,dryden,49.7833,-92.7503,-1.84,80,75,3.6,CA,1700182296
229,myitkyina,25.3833,97.4,18.9,74,100,0.25,MM,1700182296
230,mammoth lakes,37.6485,-118.9721,1.86,85,40,0.0,US,1700182296
231,urangan,-25.3,152.9,24.94,84,79,10.41,AU,1700182297
232,iwye,53.9299,25.7727,0.33,84,100,1.99,BY,1700182297
233,shindand,33.3029,62.1474,16.25,17,100,2.87,AF,1700182297
234,aykhal,66.0,111.5,-8.92,93,100,6.24,RU,1700182297
235,georgetown,5.4112,100.3354,28.86,89,20,1.03,MY,1700182298
236,thunder bay,48.4001,-89.3168,4.99,56,100,9.77,CA,1700182099
237,cherdyn',60.403,56.4787,-7.3,94,97,2.43,RU,1700182298
238,kulhudhuffushi,6.6221,73.07,27.88,75,3,0.98,MV,1700182299
239,bay city,43.5945,-83.8889,15.18,54,0,7.72,US,1700182299
240,nar'yan-mar,67.6713,53.087,-13.27,97,88,2.24,RU,1700182299
241,vine grove,37.8101,-85.9814,17.52,65,0,2.06,US,1700182301
242,cooper's town,26.8667,-77.5167,24.69,85,100,7.13,BS,1700182301
243,harstad,68.799,16.5293,1.0,96,100,9.39,NO,1700182301
244,pisco,-13.7,-76.2167,20.01,88,0,9.77,PE,1700182301
245,gizo,-8.103,156.8419,27.87,73,74,3.41,SB,1700182302
246,northam,51.0333,-4.2167,10.34,86,22,7.33,GB,1700182302
247,polatsk,55.4859,28.7756,-3.21,80,23,2.03,BY,1700182302
248,ta`u,-14.2336,-169.5144,28.23,80,100,4.63,AS,1700182302
249,isangel,-19.55,169.2667,28.06,74,75,2.06,VU,1700182303
250,quellon,-43.1167,-73.6167,9.17,90,97,7.35,CL,1700182303
251,chinde,26.8418,88.0763,11.93,36,0,2.69,NP,1700182303
252,port saint john's,-31.6229,29.5448,20.4,79,100,1.71,ZA,1700182303
253,westport,41.1415,-73.3579,12.72,79,0,4.12,US,1700182304
254,pangkalanbuun,-2.6833,111.6167,27.96,84,97,1.39,ID,1700182304
255,eilat,29.5581,34.9482,19.91,60,0,2.57,IL,1700182230
256,leava,-14.3,-178.1667,28.79,75,10,2.43,WF,1700182304
257,eno,62.8051,30.1542,-8.27,95,19,0.9,FI,1700182305
258,mushie,-3.0167,16.9,21.88,99,100,1.1,CD,1700182305
259,tromso,69.6496,18.957,1.01,64,75,6.69,NO,1700182305
260,yaren,-0.5472,166.916,28.47,76,94,2.94,NR,1700182306
261,bikenibeu village,1.3673,173.1241,28.91,76,100,4.94,KI,1700182306
262,winnemucca,40.973,-117.7357,10.55,54,6,1.44,US,1700182060
263,la ronge,55.1001,-105.2842,-4.86,74,20,3.6,CA,1700182306
264,berezovyy,51.6667,135.7,-5.02,67,100,0.3,RU,1700182306
265,chibougamau,49.9168,-74.3659,2.79,70,100,8.23,CA,1700182307
266,san julian,21.0167,-102.1667,18.34,37,0,2.51,MX,1700182307
267,sarankhola,22.3082,89.7897,21.55,98,100,5.52,BD,1700182307
268,gaigeturi,33.4644,126.3183,10.03,62,75,7.72,KR,1700182307
269,portage,41.1667,-81.1998,15.02,55,72,0.89,US,1700182307
270,kununurra,-15.7667,128.7333,33.99,52,10,2.57,AU,1700182113
271,baharly,38.4362,57.4316,18.99,28,62,2.65,TM,1700182308
272,arkhangel'sk,64.5401,40.5433,-5.49,84,49,4.31,RU,1700182308
273,safotu,-13.4513,-172.4018,28.86,80,92,3.12,WS,1700182308
274,mbandaka,0.0487,18.2603,21.79,98,100,0.9,CD,1700182309
275,arteche,12.2645,125.4048,27.46,86,100,5.34,PH,1700182309
276,labrador city,52.9463,-66.9114,-5.05,86,75,3.09,CA,1700182309
277,wuhai,39.6647,106.8122,1.09,26,0,0.85,CN,1700182309
278,pacific grove,36.6177,-121.9166,19.1,79,40,5.36,US,1700182309
279,cole harbour,44.6724,-63.4751,6.71,81,87,3.6,CA,1700182310
280,north bath,43.9348,-69.8159,8.97,91,0,0.0,US,1700182310
281,jacmel,18.2342,-72.5347,27.91,82,68,2.98,HT,1700182310
282,key biscayne,25.6937,-80.1628,25.01,90,20,2.06,US,1700182028
283,alice springs,-23.7,133.8833,20.75,94,100,4.63,AU,1700182311
284,al mishkhab,31.8042,44.4911,18.38,64,0,2.26,IQ,1700182311
285,katsuren-haebaru,26.3369,127.8719,21.43,60,75,8.23,JP,1700182311
286,namtsy,62.7161,129.6658,-14.51,87,100,5.19,RU,1700182311
287,miyako,39.6367,141.9525,15.05,86,100,10.15,JP,1700182311
288,crane,31.3974,-102.3501,19.13,61,100,2.16,US,1700182312
289,kavaratti,10.5669,72.642,28.25,76,99,3.63,IN,1700182312
290,salalah,17.0151,54.0924,26.05,83,40,1.03,OM,1700182312
291,ermoupolis,37.4423,24.9425,17.39,59,0,2.57,GR,1700182312
292,newman,37.3138,-121.0208,19.6,79,100,1.01,US,1700182313
293,kuala belait,4.5833,114.1833,25.09,93,100,2.16,BN,1700182313
294,general mosconi,-23.1851,-62.303,27.95,72,100,4.98,AR,1700182313
295,longyearbyen,78.2186,15.6401,-12.09,72,75,5.14,SJ,1700182313
296,east london,-33.0153,27.9116,18.94,82,100,2.13,ZA,1700182314
297,leua,48.2156,18.6071,9.72,85,100,2.59,SK,1700182314
298,san isidro,-12.1167,-77.05,22.79,76,100,5.66,PE,1700182314
299,inhambane,-23.865,35.3833,21.0,73,100,3.42,MZ,1700182314
300,queenstown,-31.8976,26.8753,16.23,68,100,0.73,ZA,1700182314
301,redencao,-4.2258,-38.7306,24.25,89,29,1.61,BR,1700182315
302,weno,7.4515,151.8468,27.97,89,100,1.54,FM,1700182315
303,taksimo,56.3444,114.8794,-13.89,90,100,0.55,RU,1700182315
304,besisahar,28.2313,84.3761,16.58,29,0,3.53,NP,1700182315
305,sisimiut,66.9395,-53.6735,-6.28,82,89,5.14,GL,1700182316
306,mangrol,21.1167,70.1167,23.45,49,4,5.01,IN,1700182316
307,wenchang,30.904,118.4887,10.2,52,0,5.38,CN,1700182316
308,plouzane,48.3833,-4.6167,10.03,91,20,4.12,FR,1700182316
309,el bauga,18.262,33.9081,22.76,26,99,4.54,SD,1700182317
310,vorgashor,67.5833,63.95,-18.04,98,100,3.44,RU,1700182317
311,shawinigan,46.5668,-72.7491,7.23,87,100,0.51,CA,1700182317
312,grande prairie,55.1667,-118.8027,4.1,60,75,9.77,CA,1700182317
313,cartagena,10.3997,-75.5144,28.79,74,0,2.57,CO,1700182202
314,uvalde,29.3669,-99.767,19.67,66,0,0.0,US,1700182318
315,ar ruways,24.1103,52.7306,24.51,76,100,5.89,AE,1700182318
316,shambu,9.5667,37.1,11.0,88,6,1.16,ET,1700182318
317,faya-largeau,17.9257,19.1043,22.17,26,97,8.61,TD,1700182318
318,kikwit,-5.041,18.8162,20.6,93,96,1.04,CD,1700182319
319,starogard gdanski,53.964,18.5264,4.42,100,100,3.82,PL,1700182319
320,barcelos,41.5388,-8.6151,16.62,93,97,0.83,PT,1700182319
321,selkirk,50.1436,-96.8845,-1.96,82,11,0.45,CA,1700182320
322,onega,63.9061,38.1404,-6.45,81,88,5.3,RU,1700182320
323,tafuna,-14.3358,-170.72,31.97,84,40,2.57,AS,1700182170
324,lashio,22.9333,97.75,17.31,100,100,0.61,MM,1700182320
325,ploneour-lanvern,47.9,-4.2833,10.16,93,0,2.57,FR,1700182321
326,vadso,70.0744,29.7487,-2.91,80,20,5.66,NO,1700182321
327,mahibadhoo,3.7833,72.9667,28.17,72,36,1.27,MV,1700182321
328,banes,20.9625,-75.7186,22.2,95,100,1.44,CU,1700182321
329,aban,56.67,96.06,2.63,79,100,6.38,RU,1700182322
330,turi,40.9173,17.0212,15.6,81,0,2.57,IT,1700182322
331,saint-francois,46.4154,3.9054,9.69,72,100,6.69,FR,1700182322
332,siwa oasis,29.2041,25.5195,19.01,60,0,1.73,EG,1700182323
333,funafuti,-8.5243,179.1942,29.0,84,75,1.03,TV,1700182323
334,vorkuta,67.5,64.0,-17.85,98,100,3.45,RU,1700182323
335,solnechnyy,50.7214,136.6319,-8.32,79,100,2.33,RU,1700182323
336,san angelo,31.4638,-100.437,18.49,76,100,2.68,US,1700182323
337,san pedro pochutla,15.7333,-96.4667,25.26,86,9,1.29,MX,1700182324
338,san patricio,28.017,-97.5169,18.92,78,99,1.62,US,1700182324
339,santana,-0.0583,-51.1817,29.1,70,0,4.12,BR,1700182324
340,saldanha,-33.0117,17.9442,15.03,92,100,2.81,ZA,1700182325
341,antsiranana,-12.2787,49.2917,24.82,77,99,6.0,MG,1700182325
342,witu,-2.3889,40.4382,25.09,94,42,2.1,KE,1700182325
343,suva,-18.1416,178.4415,29.71,74,40,3.09,FJ,1700182326
344,gniewkowo,52.8946,18.4079,4.66,94,100,1.46,PL,1700182326
345,hopelchen,19.7667,-89.85,21.58,81,0,1.75,MX,1700182326
346,bamboo flat,11.7,92.7167,28.05,83,40,2.06,IN,1700182326
347,bestobe,52.4994,73.0975,3.47,87,100,1.94,KZ,1700182327
348,rio verde,21.9333,-99.9833,18.54,68,0,2.48,MX,1700182327
349,kantunilkin,21.0917,-87.45,21.01,89,0,1.08,MX,1700182327
350,yemetsk,63.4721,41.7941,-7.98,89,17,3.27,RU,1700182328
351,cascais,38.6979,-9.4215,19.41,95,91,5.81,PT,1700182328
352,hudson,40.7168,-74.0663,15.21,60,75,4.02,US,1700182328
353,susuman,62.7833,148.1667,-30.36,99,82,1.19,RU,1700182328
354,belyy yar,53.6039,91.3903,-2.06,100,100,3.0,RU,1700182329
355,kalemie,-5.9475,29.1947,21.51,89,100,0.85,CD,1700182329
356,nova sintra,14.8667,-24.7167,23.73,69,93,2.4,CV,1700182329
357,eyl,7.9803,49.8164,26.6,82,28,2.48,SO,1700182070
358,berekum,7.4534,-2.584,23.78,84,97,1.64,GH,1700182330
359,caririacu,-7.0422,-39.2836,29.05,40,20,0.0,BR,1700182330
360,kingston,17.997,-76.7936,25.53,91,75,5.14,JM,1700182246
361,fale old settlement,-9.3852,-171.2468,29.68,69,52,2.11,TK,1700182331
362,joshimath,30.5667,79.5667,9.44,29,46,3.69,IN,1700182331
363,sao gabriel da cachoeira,-0.1303,-67.0892,26.91,73,95,0.87,BR,1700182331
364,vilyuysk,63.7553,121.6247,-8.89,93,100,5.81,RU,1700182332
365,zouerate,22.7187,-12.4521,21.68,18,0,3.93,MR,1700182179
366,bandarbeyla,9.4942,50.8122,26.86,80,100,3.77,SO,1700182332
367,taltal,-25.4,-70.4833,17.84,67,100,1.84,CL,1700182332
368,suining,30.508,105.5733,11.46,49,100,0.78,CN,1700182333
369,luoyang,34.6836,112.4536,9.32,30,0,3.12,CN,1700182250
370,petal,31.3466,-89.2601,18.29,91,100,1.54,US,1700182333
371,plattsmouth,41.0114,-95.8822,15.94,71,0,3.09,US,1700182323
372,camas,37.402,-6.0331,17.95,81,0,2.57,ES,1700182334
373,yorkton,51.2167,-102.4677,-1.09,69,0,5.14,CA,1700182334
374,turpan,42.9333,89.1667,2.82,51,0,0.44,CN,1700182334
375,lupao,15.8793,120.8983,27.76,63,22,2.34,PH,1700182335
376,haiku-pauwela,20.9219,-156.3051,24.59,78,40,6.69,US,1700182335
377,tawau,4.2498,117.8871,28.07,77,93,2.59,MY,1700182335
378,port douglas,-16.4833,145.4667,26.11,60,5,2.63,AU,1700182108
379,gadzhiyevo,69.2551,33.3362,-7.69,81,100,9.35,RU,1700182336
380,zhigalovo,54.8097,105.1578,-8.33,94,100,0.34,RU,1700182336
381,tual,-5.6667,132.75,27.67,70,4,3.2,ID,1700182336
382,ratnagiri,16.9833,73.3,23.32,57,2,2.43,IN,1700182337
383,arno,60.1167,18.6333,-0.12,72,93,0.66,SE,1700182337
384,bhilwara,25.35,74.6333,14.2,48,8,1.94,IN,1700182337
385,conceicao da barra,-18.5933,-39.7322,24.66,84,0,5.4,BR,1700182338
386,saint-philippe,-21.3585,55.7679,22.77,90,88,4.89,RE,1700182338
387,whangarei,-35.7317,174.3239,23.79,52,99,3.42,NZ,1700182160
388,khamis mushait,18.3064,42.7292,14.34,82,0,0.0,SA,1700182339
389,mildura,-34.2,142.15,19.48,42,0,5.25,AU,1700182339
390,sandnessjoen,66.0217,12.6316,-17.71,62,98,3.6,NO,1700182339
391,maxixe,-23.8597,35.3472,20.32,75,100,2.94,MZ,1700182339
392,igoumenitsa,39.5039,20.2656,15.37,74,16,1.99,GR,1700182340
393,nurota,40.5614,65.6886,18.98,16,100,4.74,UZ,1700182340
394,bandon,51.7469,-8.7425,6.77,89,100,3.03,IE,1700182215
395,melfort,52.8667,-104.6177,-1.93,74,100,3.6,CA,1700182341
396,stephenville,32.2207,-98.2023,16.44,83,0,2.57,US,1700182079
397,banda aceh,5.5577,95.3222,27.08,81,100,1.65,ID,1700182342
398,dwarka,22.2394,68.9678,25.06,54,14,5.37,IN,1700182342
399,lazaro cardenas,17.9583,-102.2,27.71,81,11,1.9,MX,1700182339
400,lycksele,64.5954,18.6735,-21.98,77,23,0.0,SE,1700182342
401,taulaga,-11.0553,-171.0883,29.12,72,20,2.04,AS,1700182166
402,vallenar,-28.5708,-70.7581,14.77,44,71,2.0,CL,1700182343
403,serhetabat,35.2799,62.3438,18.08,15,56,3.45,TM,1700182344
404,mersa matruh,31.3525,27.2453,19.11,82,40,2.57,EG,1700182344
405,ain taya,36.7933,3.2869,12.91,76,0,1.54,DZ,1700182345
406,vedaraniyam,10.3667,79.85,26.05,87,100,4.51,IN,1700182345
407,nadym,65.5333,72.5167,-17.02,90,100,3.82,RU,1700182345
408,edgewater,28.9889,-80.9023,21.73,97,100,7.2,US,1700182346
409,hilo,19.7297,-155.09,23.95,83,100,4.12,US,1700182346
410,pokhara,28.2333,83.9833,15.3,39,0,2.94,NP,1700182346
411,timimoun,29.2639,0.231,18.21,36,0,6.69,DZ,1700182347
412,askoy,60.4092,5.226,2.16,69,100,1.54,NO,1700182347
413,selfoss,63.9331,-20.9971,5.02,85,99,4.03,IS,1700182347
414,tolbazy,54.0241,55.8825,2.17,98,100,3.08,RU,1700182348
415,vilhena,-12.7406,-60.1458,26.74,37,99,1.73,BR,1700182348
416,motygino,58.1831,94.7592,0.99,96,100,5.36,RU,1700182348
417,touros,-5.1989,-35.4608,26.26,72,14,5.9,BR,1700182109
418,essaouira,31.5125,-9.77,18.72,68,40,3.09,MA,1700182349
419,palikir - national government center,6.9248,158.1611,30.41,79,100,3.09,FM,1700182349
420,qamdo,31.1667,97.2333,-5.15,49,100,1.33,CN,1700182350
421,jwaneng,-24.6004,24.7303,21.55,62,100,3.37,BW,1700182350
422,wendo,6.6,38.4167,15.3,93,63,1.48,ET,1700182350
423,mwinilunga,-11.7358,24.4293,16.58,97,100,1.17,ZM,1700182351
424,fujin,47.26,132.0322,-2.49,97,100,5.86,CN,1700182351
425,lubang,13.8584,120.124,27.72,75,86,9.34,PH,1700182351
426,kristiansund,63.1115,7.732,-0.64,64,25,2.57,NO,1700182351
427,roghun,38.7826,69.8708,8.1,33,100,3.96,TJ,1700182352
428,arica,-18.475,-70.3042,19.75,72,100,5.66,CL,1700182057
429,chui,-33.6971,-53.4616,13.97,79,0,2.44,UY,1700182277
430,grand falls-windsor,48.9332,-55.6649,-0.28,92,100,1.5,CA,1700182353
431,rongelap,11.1635,166.8941,28.1,81,5,8.04,MH,1700182353
432,challapata,-18.9,-66.7667,12.98,43,100,4.59,BO,1700182353
433,oamaru,-45.0784,170.9801,9.1,91,100,8.99,NZ,1700182353
434,yeniseysk,58.4497,92.1703,2.75,76,100,4.47,RU,1700182354
435,madera,37.1666,-119.8343,20.95,58,100,0.39,US,1700182318
436,kutulik,53.3508,102.7839,-6.9,94,100,2.09,RU,1700182354
437,kerikeri,-35.2268,173.9474,22.48,57,100,5.29,NZ,1700182354
438,rusape,-18.5278,32.1284,13.14,62,2,1.05,ZW,1700182355
439,lincoln city,44.9582,-124.0179,10.54,87,58,2.68,US,1700182152
440,amos,48.5669,-78.1162,4.34,66,100,7.33,CA,1700182355
441,carolina beach,34.0352,-77.8936,19.45,84,100,5.79,US,1700182355
442,souillac,-20.5167,57.5167,22.21,94,75,2.06,MU,1700182356
443,caminauit,12.3314,121.0825,28.49,68,25,3.82,PH,1700182356
444,keflavik,64.0049,-22.5624,4.95,81,0,4.63,IS,1700182356
445,al mijlad,11.0333,27.7333,26.67,25,100,7.1,SD,1700182356
446,condoto,5.0935,-76.6497,24.37,95,95,0.84,CO,1700182357
447,sao tome,0.3365,6.7273,26.4,83,54,2.46,ST,1700182357
448,port macquarie,-31.4333,152.9167,16.89,87,100,7.14,AU,1700182357
449,kuragino,53.8975,92.6725,-5.14,91,100,1.99,RU,1700182357
450,slave lake,55.2834,-114.769,2.99,52,0,6.69,CA,1700182358
451,cozumel,20.5083,-86.9458,27.19,86,0,2.68,MX,1700182358
452,levuka,50.1834,-105.4011,-4.16,76,100,5.1,CA,1700182358
453,mar del plata,-38.0023,-57.5575,15.61,76,0,11.62,AR,1700182130
454,derebucak,37.3918,31.5092,5.22,86,8,2.67,TR,1700182359
455,makoua,0.0069,15.6333,22.6,98,100,1.93,CG,1700182359
456,bonnyville,54.2668,-110.735,2.62,50,100,4.54,CA,1700182359
457,lucea,18.451,-78.1736,24.92,90,100,4.03,JM,1700182360
458,khash,28.2211,61.2158,13.62,67,84,1.74,IR,1700182360
459,olonets,60.9847,32.9698,-7.94,92,12,1.18,RU,1700182360
460,galveston,29.3669,-94.9669,18.33,89,100,2.06,US,1700182204
461,guerrero negro,27.9769,-114.0611,21.0,87,100,7.27,MX,1700182361
462,srivardhan,18.0333,73.0167,22.93,57,5,2.66,IN,1700182361
463,kismayo,-0.3582,42.5454,26.87,82,81,3.35,SO,1700182361
464,lerwick,60.1545,-1.1494,5.41,72,99,3.52,GB,1700182361
465,inongo,-1.95,18.2667,21.97,97,100,1.88,CD,1700182362
466,ribeira brava,32.65,-17.0667,22.62,63,81,2.04,PT,1700182362
467,al ghayzah,16.2079,52.176,25.72,80,100,3.07,YE,1700182362
468,nanaimo,49.1663,-123.936,6.87,84,75,1.54,CA,1700182129
469,kuqa,41.7278,82.9364,1.92,45,11,1.81,CN,1700182363
470,beloyarskiy,63.7119,66.6722,-10.0,96,100,0.89,RU,1700182363
471,el calafate,-50.3408,-72.2768,6.88,79,2,5.05,AR,1700182363
472,fort-shevchenko,44.5086,50.263,10.53,83,4,7.13,KZ,1700182363
473,quebo,11.3333,-14.9333,23.55,93,0,1.46,GW,1700182363
474,conde,-7.2597,-34.9075,25.7,78,20,2.06,BR,1700182364
475,siniscola,40.5719,9.6922,18.75,71,1,6.19,IT,1700182364
476,petropavlivka,48.4564,36.4367,5.87,81,100,5.65,UA,1700182364
477,cloquet,46.7216,-92.4594,4.26,67,75,6.69,US,1700182364
478,san carlos de bariloche,-41.1456,-71.3082,6.86,81,100,15.95,AR,1700182322
479,kargasok,59.0556,80.8572,-0.02,100,100,2.24,RU,1700182365
480,pagar alam,-4.0167,103.2667,24.21,85,100,0.39,ID,1700182365
481,ca mau,9.1769,105.15,25.46,90,100,3.99,VN,1700182365
482,lijiang,26.8688,100.2207,7.12,83,100,1.15,CN,1700182366
483,jabat,7.75,168.9751,28.33,80,100,6.98,MH,1700182366
484,porto franco,-6.3383,-47.3992,26.81,64,11,1.55,BR,1700182366
485,guangyuan,32.442,105.823,8.6,63,28,0.86,CN,1700182366
486,douz,33.4663,9.0203,16.03,49,52,2.46,TN,1700182367
487,amursk,50.2261,136.8994,-6.68,83,100,4.65,RU,1700182367
488,sungailiat,-1.85,106.1333,27.49,79,100,2.29,ID,1700182367
489,tarawa,1.419,172.984,28.93,76,100,4.76,KI,1700182367
490,kita,13.0349,-9.4895,23.64,18,0,1.48,ML,1700182367
491,broken hill,-31.95,141.4333,21.72,26,0,5.64,AU,1700182368
492,mili,6.0815,171.735,28.72,76,100,6.45,MH,1700182368
493,san pedro del parana,-26.8333,-56.2,24.36,92,100,3.16,PY,1700182369
494,alexandria,31.2156,29.9553,19.3,70,21,2.79,EG,1700182159
495,east grand forks,47.93,-97.0245,0.01,77,0,2.57,US,1700182370
496,sarande,39.8756,20.0053,15.42,83,22,1.32,AL,1700182370
497,pankrushikha,53.8319,80.3406,4.08,89,100,3.64,RU,1700182370
498,roma,43.2128,-75.4557,11.04,81,0,0.0,US,1700182264
499,cidade velha,14.9167,-23.6167,26.26,53,0,5.14,CV,1700182371
500,gamba,-2.65,10.0,25.52,90,100,2.71,GA,1700182371
501,kolonia,50.9333,6.95,7.55,87,0,2.57,DE,1700182371
502,prado,-17.3411,-39.2208,24.8,87,20,6.19,BR,1700182280
503,pukchil-lodongjagu,40.2019,125.7483,-1.94,66,13,2.7,KP,1700182371
504,warrnambool,-38.3833,142.4833,18.53,61,70,5.17,AU,1700182372
505,monster,52.0258,4.175,6.12,93,100,0.51,NL,1700182372
506,fraserburgh,57.6874,-2.0184,4.51,80,25,0.86,GB,1700182372
507,rice lake,45.5061,-91.7382,11.82,60,40,8.75,US,1700182372
508,qarauyl,48.9451,79.255,4.89,47,98,7.68,KZ,1700182373
509,saint-joseph,-21.3667,55.6167,22.21,90,89,4.95,RE,1700182373
510,es castell,39.8795,4.2854,15.38,100,0,2.57,ES,1700182373
511,chernihiv,51.0,32.0,2.07,92,93,5.09,UA,1700182093
512,calamba,14.2117,121.1653,30.03,68,100,6.03,PH,1700182374
513,hingoli,19.7167,77.15,17.49,64,18,3.31,IN,1700182374
514,taseyevo,57.2169,94.8978,2.97,60,100,4.92,RU,1700182374
515,marka,1.7159,44.7717,27.27,79,37,3.89,SO,1700182374
516,belomorsk,64.5232,34.7668,-9.21,76,85,4.85,RU,1700182375
517,lake stevens,48.0151,-122.0637,7.38,83,0,3.09,US,1700182375
518,basco,20.4487,121.9702,24.41,81,97,14.77,PH,1700182375
519,havana,23.133,-82.383,24.24,88,20,0.51,CU,1700182123
520,cabugao,17.7931,120.4578,29.94,62,72,3.24,PH,1700182376
521,vaasa,63.096,21.6158,-3.92,87,100,3.58,FI,1700182376
522,saiha,22.4833,92.9667,18.0,100,100,1.45,IN,1700182376
523,ghanzi,-21.5667,21.7833,22.8,58,100,3.34,BW,1700182376
524,prieska,-29.6641,22.7474,22.69,54,32,5.06,ZA,1700182376
525,masterton,-40.9597,175.6575,15.49,95,100,4.96,NZ,1700182377
526,alofi,-19.0595,-169.9187,27.94,89,75,3.6,NU,1700182377
527,thale,51.75,11.05,3.41,91,100,3.08,DE,1700182377
528,velikiye luki,56.34,30.5452,-3.65,85,35,1.81,RU,1700182378
529,osmaneli,40.3572,30.0142,3.79,88,20,1.17,TR,1700182378
530,along,28.1667,94.7667,16.43,55,100,0.97,IN,1700182378
531,pitanga,-24.7572,-51.7614,21.39,70,11,1.16,BR,1700182378
532,ghoti budrukh,19.7167,73.6333,17.86,57,0,3.05,IN,1700182378
533,namibe,-15.1961,12.1522,23.97,72,100,3.22,AO,1700182379
534,shahr-e kord,32.3256,50.8644,3.87,81,20,1.03,IR,1700182379
535,nieuw amsterdam,5.8833,-55.0833,25.09,93,40,1.54,SR,1700182379
536,bel ombre,-4.6167,55.4167,24.91,94,20,1.03,SC,1700182379
537,kirakira,-10.4544,161.9205,28.58,75,16,4.43,SB,1700182379
538,acajutla,13.5928,-89.8275,27.47,80,87,1.83,SV,1700182380
539,mount pearl,47.5166,-52.7813,0.08,80,100,2.57,CA,1700182380
540,dadukou,26.5479,101.7054,12.51,66,99,0.21,CN,1700182380
541,ermenek,36.6404,32.8918,5.36,84,23,3.1,TR,1700182380
542,male,4.1748,73.5089,26.97,89,75,3.6,MV,1700182381
543,usevia,-7.1,31.2333,21.45,78,78,2.34,TZ,1700182381
544,kidal,18.4411,1.4078,23.08,20,0,5.06,ML,1700182381
545,kozhevnikovo,56.2589,83.9714,1.81,92,100,2.76,RU,1700182381
546,ghadamis,30.1337,9.5007,17.81,40,0,3.31,LY,1700182382
547,yauya,-8.9833,-77.3,11.98,80,100,1.46,PE,1700182382
548,santa cruz,-17.8,-63.1667,31.7,51,20,6.17,BO,1700182382
549,coquimbo,-29.9533,-71.3436,13.85,82,40,4.12,CL,1700182382
550,gonabad,34.3529,58.6837,13.93,41,44,2.46,IR,1700182383
551,ghat,24.9647,10.1728,17.16,43,0,1.64,LY,1700182383
552,nelson bay,-32.7167,152.15,20.62,69,58,4.02,AU,1700182383
553,rurrenabaque,-14.4413,-67.5278,31.92,46,99,2.64,BO,1700182383
